{
  "Train mean reward": {
    "steps": [
      0
    ],
    "timestamps": [
      "2023-01-16T17:38:39.404433"
    ],
    "values": [
      -10.000000149011612
    ]
  }
}